Bisimilar, tadSyncid3id0.xml-tmi1.xml
Bisimilar, tadSyncid3id0.xml-tadSyncid0id3.xml
Bisimilar, tadSyncid3id0.xml-tadSyncid1id5.xml
Bisimilar, tadSyncid3id0.xml-tadSyncid2id1.xml
Bisimilar, tadSyncid3id0.xml-tmi11.xml
No Bisimilar, tadSyncid3id0.xml-tadSyncid4id1.xml
Bisimilar, tadSyncid3id0.xml-tadSyncid3id3.xml
Bisimilar, tadSyncid3id0.xml-tmi6.xml
Bisimilar, tadSyncid3id0.xml-tadSyncid3id4.xml
Bisimilar, tadSyncid3id0.xml-tmi9.xml
No Bisimilar, tadSyncid3id0.xml-tadSyncid4id3.xml
Bisimilar, tadSyncid3id0.xml-tmi12.xml
Bisimilar, tadSyncid3id0.xml-smiTemplateid4.xml
Bisimilar, tadSyncid3id0.xml-tadSyncid3id1.xml
Bisimilar, tadSyncid3id0.xml-tadSyncid2id3.xml
Bisimilar, tadSyncid3id0.xml-tmi13.xml
No Bisimilar, tadSyncid3id0.xml-tadSyncid4id4.xml
Bisimilar, tadSyncid3id0.xml-tadSyncid1id2.xml
No Bisimilar, tadSyncid3id0.xml-cxs2.xml
Bisimilar, tadSyncid3id0.xml-tadSyncid1id4.xml
Bisimilar, tadSyncid3id0.xml-cxl1.xml
Bisimilar, tadSyncid3id0.xml-tadSyncid5id5.xml
Bisimilar, tadSyncid3id0.xml-tmi10.xml
Bisimilar, tadSyncid3id0.xml-tadSyncid0id4.xml
Bisimilar, tadSyncid3id0.xml-tadSyncid0id5.xml
Bisimilar, tadSyncid3id0.xml-tmi4.xml
Bisimilar, tadSyncid3id0.xml-tadSyncid0id2.xml
Bisimilar, tadSyncid3id0.xml-ccn2.xml
Bisimilar, tadSyncid3id0.xml-tmi2.xml
Bisimilar, tadSyncid3id0.xml-smiTemplateid1.xml
No Bisimilar, tadSyncid3id0.xml-tadSyncid5id0.xml
Bisimilar, tadSyncid3id0.xml-smiTemplateid2.xml
Bisimilar, tadSyncid3id0.xml-ccn1.xml
Bisimilar, tadSyncid3id0.xml-cxl2.xml
Bisimilar, tadSyncid3id0.xml-tadSyncid2id0.xml
Bisimilar, tadSyncid3id0.xml-tadSyncid0id0.xml
No Bisimilar, tadSyncid3id0.xml-tadSyncid5id1.xml
Bisimilar, tadSyncid3id0.xml-tadSyncid3id2.xml
Bisimilar, tadSyncid3id0.xml-tadSyncid5id2.xml
No Bisimilar, tadSyncid3id0.xml-cxs1.xml
No Bisimilar, tadSyncid3id0.xml-tadSyncid5id3.xml
Bisimilar, tadSyncid3id0.xml-tadSyncid2id4.xml
Bisimilar, tadSyncid3id0.xml-tadSyncid1id0.xml
Bisimilar, tmi1.xml-tadSyncid0id3.xml
Bisimilar, tmi1.xml-tadSyncid1id5.xml
Bisimilar, tmi1.xml-tadSyncid2id1.xml
Bisimilar, tmi1.xml-tmi11.xml
No Bisimilar, tmi1.xml-tadSyncid4id1.xml
Bisimilar, tmi1.xml-tadSyncid3id3.xml
Bisimilar, tmi1.xml-tmi6.xml
Bisimilar, tmi1.xml-tadSyncid3id4.xml
Bisimilar, tmi1.xml-tmi9.xml
No Bisimilar, tmi1.xml-tadSyncid4id3.xml
Bisimilar, tmi1.xml-tmi12.xml
Bisimilar, tmi1.xml-smiTemplateid4.xml
Bisimilar, tmi1.xml-tadSyncid3id1.xml
Bisimilar, tmi1.xml-tadSyncid2id3.xml
Bisimilar, tmi1.xml-tmi13.xml
No Bisimilar, tmi1.xml-tadSyncid4id4.xml
Bisimilar, tmi1.xml-tadSyncid1id2.xml
No Bisimilar, tmi1.xml-cxs2.xml
Bisimilar, tmi1.xml-tadSyncid1id4.xml
Bisimilar, tmi1.xml-cxl1.xml
Bisimilar, tmi1.xml-tadSyncid5id5.xml
Bisimilar, tmi1.xml-tmi10.xml
Bisimilar, tmi1.xml-tadSyncid0id4.xml
Bisimilar, tmi1.xml-tadSyncid0id5.xml
Bisimilar, tmi1.xml-tmi4.xml
Bisimilar, tmi1.xml-tadSyncid0id2.xml
Bisimilar, tmi1.xml-ccn2.xml
Bisimilar, tmi1.xml-tmi2.xml
Bisimilar, tmi1.xml-smiTemplateid1.xml
No Bisimilar, tmi1.xml-tadSyncid5id0.xml
Bisimilar, tmi1.xml-smiTemplateid2.xml
Bisimilar, tmi1.xml-ccn1.xml
Bisimilar, tmi1.xml-cxl2.xml
Bisimilar, tmi1.xml-tadSyncid2id0.xml
Bisimilar, tmi1.xml-tadSyncid0id0.xml
No Bisimilar, tmi1.xml-tadSyncid5id1.xml
Bisimilar, tmi1.xml-tadSyncid3id2.xml
Bisimilar, tmi1.xml-tadSyncid5id2.xml
No Bisimilar, tmi1.xml-cxs1.xml
No Bisimilar, tmi1.xml-tadSyncid5id3.xml
Bisimilar, tmi1.xml-tadSyncid2id4.xml
Bisimilar, tmi1.xml-tadSyncid1id0.xml
Bisimilar, tadSyncid0id3.xml-tadSyncid1id5.xml
Bisimilar, tadSyncid0id3.xml-tadSyncid2id1.xml
Bisimilar, tadSyncid0id3.xml-tmi11.xml
No Bisimilar, tadSyncid0id3.xml-tadSyncid4id1.xml
Bisimilar, tadSyncid0id3.xml-tadSyncid3id3.xml
Bisimilar, tadSyncid0id3.xml-tmi6.xml
Bisimilar, tadSyncid0id3.xml-tadSyncid3id4.xml
Bisimilar, tadSyncid0id3.xml-tmi9.xml
No Bisimilar, tadSyncid0id3.xml-tadSyncid4id3.xml
Bisimilar, tadSyncid0id3.xml-tmi12.xml
Bisimilar, tadSyncid0id3.xml-smiTemplateid4.xml
Bisimilar, tadSyncid0id3.xml-tadSyncid3id1.xml
Bisimilar, tadSyncid0id3.xml-tadSyncid2id3.xml
Bisimilar, tadSyncid0id3.xml-tmi13.xml
No Bisimilar, tadSyncid0id3.xml-tadSyncid4id4.xml
Bisimilar, tadSyncid0id3.xml-tadSyncid1id2.xml
No Bisimilar, tadSyncid0id3.xml-cxs2.xml
Bisimilar, tadSyncid0id3.xml-tadSyncid1id4.xml
Bisimilar, tadSyncid0id3.xml-cxl1.xml
Bisimilar, tadSyncid0id3.xml-tadSyncid5id5.xml
Bisimilar, tadSyncid0id3.xml-tmi10.xml
Bisimilar, tadSyncid0id3.xml-tadSyncid0id4.xml
Bisimilar, tadSyncid0id3.xml-tadSyncid0id5.xml
Bisimilar, tadSyncid0id3.xml-tmi4.xml
Bisimilar, tadSyncid0id3.xml-tadSyncid0id2.xml
Bisimilar, tadSyncid0id3.xml-ccn2.xml
Bisimilar, tadSyncid0id3.xml-tmi2.xml
Bisimilar, tadSyncid0id3.xml-smiTemplateid1.xml
No Bisimilar, tadSyncid0id3.xml-tadSyncid5id0.xml
Bisimilar, tadSyncid0id3.xml-smiTemplateid2.xml
Bisimilar, tadSyncid0id3.xml-ccn1.xml
Bisimilar, tadSyncid0id3.xml-cxl2.xml
Bisimilar, tadSyncid0id3.xml-tadSyncid2id0.xml
Bisimilar, tadSyncid0id3.xml-tadSyncid0id0.xml
No Bisimilar, tadSyncid0id3.xml-tadSyncid5id1.xml
Bisimilar, tadSyncid0id3.xml-tadSyncid3id2.xml
Bisimilar, tadSyncid0id3.xml-tadSyncid5id2.xml
No Bisimilar, tadSyncid0id3.xml-cxs1.xml
No Bisimilar, tadSyncid0id3.xml-tadSyncid5id3.xml
Bisimilar, tadSyncid0id3.xml-tadSyncid2id4.xml
Bisimilar, tadSyncid0id3.xml-tadSyncid1id0.xml
Bisimilar, tadSyncid1id5.xml-tadSyncid2id1.xml
Bisimilar, tadSyncid1id5.xml-tmi11.xml
No Bisimilar, tadSyncid1id5.xml-tadSyncid4id1.xml
Bisimilar, tadSyncid1id5.xml-tadSyncid3id3.xml
Bisimilar, tadSyncid1id5.xml-tmi6.xml
Bisimilar, tadSyncid1id5.xml-tadSyncid3id4.xml
Bisimilar, tadSyncid1id5.xml-tmi9.xml
No Bisimilar, tadSyncid1id5.xml-tadSyncid4id3.xml
Bisimilar, tadSyncid1id5.xml-tmi12.xml
Bisimilar, tadSyncid1id5.xml-smiTemplateid4.xml
Bisimilar, tadSyncid1id5.xml-tadSyncid3id1.xml
Bisimilar, tadSyncid1id5.xml-tadSyncid2id3.xml
Bisimilar, tadSyncid1id5.xml-tmi13.xml
No Bisimilar, tadSyncid1id5.xml-tadSyncid4id4.xml
Bisimilar, tadSyncid1id5.xml-tadSyncid1id2.xml
No Bisimilar, tadSyncid1id5.xml-cxs2.xml
Bisimilar, tadSyncid1id5.xml-tadSyncid1id4.xml
Bisimilar, tadSyncid1id5.xml-cxl1.xml
Bisimilar, tadSyncid1id5.xml-tadSyncid5id5.xml
Bisimilar, tadSyncid1id5.xml-tmi10.xml
Bisimilar, tadSyncid1id5.xml-tadSyncid0id4.xml
Bisimilar, tadSyncid1id5.xml-tadSyncid0id5.xml
Bisimilar, tadSyncid1id5.xml-tmi4.xml
Bisimilar, tadSyncid1id5.xml-tadSyncid0id2.xml
Bisimilar, tadSyncid1id5.xml-ccn2.xml
Bisimilar, tadSyncid1id5.xml-tmi2.xml
Bisimilar, tadSyncid1id5.xml-smiTemplateid1.xml
No Bisimilar, tadSyncid1id5.xml-tadSyncid5id0.xml
Bisimilar, tadSyncid1id5.xml-smiTemplateid2.xml
Bisimilar, tadSyncid1id5.xml-ccn1.xml
Bisimilar, tadSyncid1id5.xml-cxl2.xml
Bisimilar, tadSyncid1id5.xml-tadSyncid2id0.xml
Bisimilar, tadSyncid1id5.xml-tadSyncid0id0.xml
No Bisimilar, tadSyncid1id5.xml-tadSyncid5id1.xml
Bisimilar, tadSyncid1id5.xml-tadSyncid3id2.xml
Bisimilar, tadSyncid1id5.xml-tadSyncid5id2.xml
No Bisimilar, tadSyncid1id5.xml-cxs1.xml
No Bisimilar, tadSyncid1id5.xml-tadSyncid5id3.xml
Bisimilar, tadSyncid1id5.xml-tadSyncid2id4.xml
Bisimilar, tadSyncid1id5.xml-tadSyncid1id0.xml
Bisimilar, tadSyncid2id1.xml-tmi11.xml
Bisimilar, tadSyncid2id1.xml-tadSyncid4id1.xml
Bisimilar, tadSyncid2id1.xml-tadSyncid3id3.xml
Bisimilar, tadSyncid2id1.xml-tmi6.xml
Bisimilar, tadSyncid2id1.xml-tadSyncid3id4.xml
Bisimilar, tadSyncid2id1.xml-tmi9.xml
Bisimilar, tadSyncid2id1.xml-tadSyncid4id3.xml
Bisimilar, tadSyncid2id1.xml-tmi12.xml
Bisimilar, tadSyncid2id1.xml-smiTemplateid4.xml
Bisimilar, tadSyncid2id1.xml-tadSyncid3id1.xml
Bisimilar, tadSyncid2id1.xml-tadSyncid2id3.xml
Bisimilar, tadSyncid2id1.xml-tmi13.xml
No Bisimilar, tadSyncid2id1.xml-tadSyncid4id4.xml
Bisimilar, tadSyncid2id1.xml-tadSyncid1id2.xml
No Bisimilar, tadSyncid2id1.xml-cxs2.xml
Bisimilar, tadSyncid2id1.xml-tadSyncid1id4.xml
Bisimilar, tadSyncid2id1.xml-cxl1.xml
Bisimilar, tadSyncid2id1.xml-tadSyncid5id5.xml
Bisimilar, tadSyncid2id1.xml-tmi10.xml
Bisimilar, tadSyncid2id1.xml-tadSyncid0id4.xml
Bisimilar, tadSyncid2id1.xml-tadSyncid0id5.xml
Bisimilar, tadSyncid2id1.xml-tmi4.xml
Bisimilar, tadSyncid2id1.xml-tadSyncid0id2.xml
Bisimilar, tadSyncid2id1.xml-ccn2.xml
Bisimilar, tadSyncid2id1.xml-tmi2.xml
Bisimilar, tadSyncid2id1.xml-smiTemplateid1.xml
No Bisimilar, tadSyncid2id1.xml-tadSyncid5id0.xml
Bisimilar, tadSyncid2id1.xml-smiTemplateid2.xml
Bisimilar, tadSyncid2id1.xml-ccn1.xml
Bisimilar, tadSyncid2id1.xml-cxl2.xml
Bisimilar, tadSyncid2id1.xml-tadSyncid2id0.xml
Bisimilar, tadSyncid2id1.xml-tadSyncid0id0.xml
No Bisimilar, tadSyncid2id1.xml-tadSyncid5id1.xml
Bisimilar, tadSyncid2id1.xml-tadSyncid3id2.xml
Bisimilar, tadSyncid2id1.xml-tadSyncid5id2.xml
No Bisimilar, tadSyncid2id1.xml-cxs1.xml
No Bisimilar, tadSyncid2id1.xml-tadSyncid5id3.xml
Bisimilar, tadSyncid2id1.xml-tadSyncid2id4.xml
Bisimilar, tadSyncid2id1.xml-tadSyncid1id0.xml
No Bisimilar, tmi11.xml-tadSyncid4id1.xml
Bisimilar, tmi11.xml-tadSyncid3id3.xml
Bisimilar, tmi11.xml-tmi6.xml
Bisimilar, tmi11.xml-tadSyncid3id4.xml
Bisimilar, tmi11.xml-tmi9.xml
No Bisimilar, tmi11.xml-tadSyncid4id3.xml
Bisimilar, tmi11.xml-tmi12.xml
Bisimilar, tmi11.xml-smiTemplateid4.xml
Bisimilar, tmi11.xml-tadSyncid3id1.xml
Bisimilar, tmi11.xml-tadSyncid2id3.xml
Bisimilar, tmi11.xml-tmi13.xml
No Bisimilar, tmi11.xml-tadSyncid4id4.xml
Bisimilar, tmi11.xml-tadSyncid1id2.xml
No Bisimilar, tmi11.xml-cxs2.xml
Bisimilar, tmi11.xml-tadSyncid1id4.xml
Bisimilar, tmi11.xml-cxl1.xml
Bisimilar, tmi11.xml-tadSyncid5id5.xml
Bisimilar, tmi11.xml-tmi10.xml
Bisimilar, tmi11.xml-tadSyncid0id4.xml
Bisimilar, tmi11.xml-tadSyncid0id5.xml
Bisimilar, tmi11.xml-tmi4.xml
Bisimilar, tmi11.xml-tadSyncid0id2.xml
Bisimilar, tmi11.xml-ccn2.xml
Bisimilar, tmi11.xml-tmi2.xml
Bisimilar, tmi11.xml-smiTemplateid1.xml
No Bisimilar, tmi11.xml-tadSyncid5id0.xml
Bisimilar, tmi11.xml-smiTemplateid2.xml
Bisimilar, tmi11.xml-ccn1.xml
Bisimilar, tmi11.xml-cxl2.xml
Bisimilar, tmi11.xml-tadSyncid2id0.xml
Bisimilar, tmi11.xml-tadSyncid0id0.xml
No Bisimilar, tmi11.xml-tadSyncid5id1.xml
Bisimilar, tmi11.xml-tadSyncid3id2.xml
Bisimilar, tmi11.xml-tadSyncid5id2.xml
No Bisimilar, tmi11.xml-cxs1.xml
No Bisimilar, tmi11.xml-tadSyncid5id3.xml
Bisimilar, tmi11.xml-tadSyncid2id4.xml
Bisimilar, tmi11.xml-tadSyncid1id0.xml
No Bisimilar, tadSyncid4id1.xml-tadSyncid3id3.xml
No Bisimilar, tadSyncid4id1.xml-tmi6.xml
No Bisimilar, tadSyncid4id1.xml-tadSyncid3id4.xml
No Bisimilar, tadSyncid4id1.xml-tmi9.xml
Bisimilar, tadSyncid4id1.xml-tadSyncid4id3.xml
No Bisimilar, tadSyncid4id1.xml-tmi12.xml
No Bisimilar, tadSyncid4id1.xml-smiTemplateid4.xml
No Bisimilar, tadSyncid4id1.xml-tadSyncid3id1.xml
Bisimilar, tadSyncid4id1.xml-tadSyncid2id3.xml
No Bisimilar, tadSyncid4id1.xml-tmi13.xml
No Bisimilar, tadSyncid4id1.xml-tadSyncid4id4.xml
No Bisimilar, tadSyncid4id1.xml-tadSyncid1id2.xml
No Bisimilar, tadSyncid4id1.xml-cxs2.xml
No Bisimilar, tadSyncid4id1.xml-tadSyncid1id4.xml
No Bisimilar, tadSyncid4id1.xml-cxl1.xml
Bisimilar, tadSyncid4id1.xml-tadSyncid5id5.xml
No Bisimilar, tadSyncid4id1.xml-tmi10.xml
No Bisimilar, tadSyncid4id1.xml-tadSyncid0id4.xml
No Bisimilar, tadSyncid4id1.xml-tadSyncid0id5.xml
No Bisimilar, tadSyncid4id1.xml-tmi4.xml
No Bisimilar, tadSyncid4id1.xml-tadSyncid0id2.xml
No Bisimilar, tadSyncid4id1.xml-ccn2.xml
No Bisimilar, tadSyncid4id1.xml-tmi2.xml
No Bisimilar, tadSyncid4id1.xml-smiTemplateid1.xml
No Bisimilar, tadSyncid4id1.xml-tadSyncid5id0.xml
No Bisimilar, tadSyncid4id1.xml-smiTemplateid2.xml
No Bisimilar, tadSyncid4id1.xml-ccn1.xml
No Bisimilar, tadSyncid4id1.xml-cxl2.xml
Bisimilar, tadSyncid4id1.xml-tadSyncid2id0.xml
No Bisimilar, tadSyncid4id1.xml-tadSyncid0id0.xml
No Bisimilar, tadSyncid4id1.xml-tadSyncid5id1.xml
No Bisimilar, tadSyncid4id1.xml-tadSyncid3id2.xml
Bisimilar, tadSyncid4id1.xml-tadSyncid5id2.xml
No Bisimilar, tadSyncid4id1.xml-cxs1.xml
No Bisimilar, tadSyncid4id1.xml-tadSyncid5id3.xml
Bisimilar, tadSyncid4id1.xml-tadSyncid2id4.xml
No Bisimilar, tadSyncid4id1.xml-tadSyncid1id0.xml
Bisimilar, tadSyncid3id3.xml-tmi6.xml
Bisimilar, tadSyncid3id3.xml-tadSyncid3id4.xml
Bisimilar, tadSyncid3id3.xml-tmi9.xml
No Bisimilar, tadSyncid3id3.xml-tadSyncid4id3.xml
Bisimilar, tadSyncid3id3.xml-tmi12.xml
Bisimilar, tadSyncid3id3.xml-smiTemplateid4.xml
Bisimilar, tadSyncid3id3.xml-tadSyncid3id1.xml
Bisimilar, tadSyncid3id3.xml-tadSyncid2id3.xml
Bisimilar, tadSyncid3id3.xml-tmi13.xml
No Bisimilar, tadSyncid3id3.xml-tadSyncid4id4.xml
Bisimilar, tadSyncid3id3.xml-tadSyncid1id2.xml
No Bisimilar, tadSyncid3id3.xml-cxs2.xml
Bisimilar, tadSyncid3id3.xml-tadSyncid1id4.xml
Bisimilar, tadSyncid3id3.xml-cxl1.xml
Bisimilar, tadSyncid3id3.xml-tadSyncid5id5.xml
Bisimilar, tadSyncid3id3.xml-tmi10.xml
Bisimilar, tadSyncid3id3.xml-tadSyncid0id4.xml
Bisimilar, tadSyncid3id3.xml-tadSyncid0id5.xml
Bisimilar, tadSyncid3id3.xml-tmi4.xml
Bisimilar, tadSyncid3id3.xml-tadSyncid0id2.xml
Bisimilar, tadSyncid3id3.xml-ccn2.xml
Bisimilar, tadSyncid3id3.xml-tmi2.xml
Bisimilar, tadSyncid3id3.xml-smiTemplateid1.xml
No Bisimilar, tadSyncid3id3.xml-tadSyncid5id0.xml
Bisimilar, tadSyncid3id3.xml-smiTemplateid2.xml
Bisimilar, tadSyncid3id3.xml-ccn1.xml
Bisimilar, tadSyncid3id3.xml-cxl2.xml
Bisimilar, tadSyncid3id3.xml-tadSyncid2id0.xml
Bisimilar, tadSyncid3id3.xml-tadSyncid0id0.xml
No Bisimilar, tadSyncid3id3.xml-tadSyncid5id1.xml
Bisimilar, tadSyncid3id3.xml-tadSyncid3id2.xml
Bisimilar, tadSyncid3id3.xml-tadSyncid5id2.xml
No Bisimilar, tadSyncid3id3.xml-cxs1.xml
No Bisimilar, tadSyncid3id3.xml-tadSyncid5id3.xml
Bisimilar, tadSyncid3id3.xml-tadSyncid2id4.xml
Bisimilar, tadSyncid3id3.xml-tadSyncid1id0.xml
Bisimilar, tmi6.xml-tadSyncid3id4.xml
Bisimilar, tmi6.xml-tmi9.xml
No Bisimilar, tmi6.xml-tadSyncid4id3.xml
Bisimilar, tmi6.xml-tmi12.xml
Bisimilar, tmi6.xml-smiTemplateid4.xml
Bisimilar, tmi6.xml-tadSyncid3id1.xml
Bisimilar, tmi6.xml-tadSyncid2id3.xml
Bisimilar, tmi6.xml-tmi13.xml
No Bisimilar, tmi6.xml-tadSyncid4id4.xml
Bisimilar, tmi6.xml-tadSyncid1id2.xml
No Bisimilar, tmi6.xml-cxs2.xml
Bisimilar, tmi6.xml-tadSyncid1id4.xml
Bisimilar, tmi6.xml-cxl1.xml
Bisimilar, tmi6.xml-tadSyncid5id5.xml
Bisimilar, tmi6.xml-tmi10.xml
Bisimilar, tmi6.xml-tadSyncid0id4.xml
Bisimilar, tmi6.xml-tadSyncid0id5.xml
Bisimilar, tmi6.xml-tmi4.xml
Bisimilar, tmi6.xml-tadSyncid0id2.xml
Bisimilar, tmi6.xml-ccn2.xml
Bisimilar, tmi6.xml-tmi2.xml
Bisimilar, tmi6.xml-smiTemplateid1.xml
No Bisimilar, tmi6.xml-tadSyncid5id0.xml
Bisimilar, tmi6.xml-smiTemplateid2.xml
Bisimilar, tmi6.xml-ccn1.xml
Bisimilar, tmi6.xml-cxl2.xml
Bisimilar, tmi6.xml-tadSyncid2id0.xml
Bisimilar, tmi6.xml-tadSyncid0id0.xml
No Bisimilar, tmi6.xml-tadSyncid5id1.xml
Bisimilar, tmi6.xml-tadSyncid3id2.xml
Bisimilar, tmi6.xml-tadSyncid5id2.xml
No Bisimilar, tmi6.xml-cxs1.xml
No Bisimilar, tmi6.xml-tadSyncid5id3.xml
Bisimilar, tmi6.xml-tadSyncid2id4.xml
Bisimilar, tmi6.xml-tadSyncid1id0.xml
Bisimilar, tadSyncid3id4.xml-tmi9.xml
No Bisimilar, tadSyncid3id4.xml-tadSyncid4id3.xml
Bisimilar, tadSyncid3id4.xml-tmi12.xml
Bisimilar, tadSyncid3id4.xml-smiTemplateid4.xml
Bisimilar, tadSyncid3id4.xml-tadSyncid3id1.xml
Bisimilar, tadSyncid3id4.xml-tadSyncid2id3.xml
Bisimilar, tadSyncid3id4.xml-tmi13.xml
No Bisimilar, tadSyncid3id4.xml-tadSyncid4id4.xml
Bisimilar, tadSyncid3id4.xml-tadSyncid1id2.xml
No Bisimilar, tadSyncid3id4.xml-cxs2.xml
Bisimilar, tadSyncid3id4.xml-tadSyncid1id4.xml
Bisimilar, tadSyncid3id4.xml-cxl1.xml
Bisimilar, tadSyncid3id4.xml-tadSyncid5id5.xml
Bisimilar, tadSyncid3id4.xml-tmi10.xml
Bisimilar, tadSyncid3id4.xml-tadSyncid0id4.xml
Bisimilar, tadSyncid3id4.xml-tadSyncid0id5.xml
Bisimilar, tadSyncid3id4.xml-tmi4.xml
Bisimilar, tadSyncid3id4.xml-tadSyncid0id2.xml
Bisimilar, tadSyncid3id4.xml-ccn2.xml
Bisimilar, tadSyncid3id4.xml-tmi2.xml
Bisimilar, tadSyncid3id4.xml-smiTemplateid1.xml
No Bisimilar, tadSyncid3id4.xml-tadSyncid5id0.xml
Bisimilar, tadSyncid3id4.xml-smiTemplateid2.xml
Bisimilar, tadSyncid3id4.xml-ccn1.xml
Bisimilar, tadSyncid3id4.xml-cxl2.xml
Bisimilar, tadSyncid3id4.xml-tadSyncid2id0.xml
Bisimilar, tadSyncid3id4.xml-tadSyncid0id0.xml
No Bisimilar, tadSyncid3id4.xml-tadSyncid5id1.xml
Bisimilar, tadSyncid3id4.xml-tadSyncid3id2.xml
Bisimilar, tadSyncid3id4.xml-tadSyncid5id2.xml
No Bisimilar, tadSyncid3id4.xml-cxs1.xml
No Bisimilar, tadSyncid3id4.xml-tadSyncid5id3.xml
Bisimilar, tadSyncid3id4.xml-tadSyncid2id4.xml
Bisimilar, tadSyncid3id4.xml-tadSyncid1id0.xml
No Bisimilar, tmi9.xml-tadSyncid4id3.xml
Bisimilar, tmi9.xml-tmi12.xml
Bisimilar, tmi9.xml-smiTemplateid4.xml
Bisimilar, tmi9.xml-tadSyncid3id1.xml
Bisimilar, tmi9.xml-tadSyncid2id3.xml
Bisimilar, tmi9.xml-tmi13.xml
No Bisimilar, tmi9.xml-tadSyncid4id4.xml
Bisimilar, tmi9.xml-tadSyncid1id2.xml
No Bisimilar, tmi9.xml-cxs2.xml
Bisimilar, tmi9.xml-tadSyncid1id4.xml
Bisimilar, tmi9.xml-cxl1.xml
Bisimilar, tmi9.xml-tadSyncid5id5.xml
Bisimilar, tmi9.xml-tmi10.xml
Bisimilar, tmi9.xml-tadSyncid0id4.xml
Bisimilar, tmi9.xml-tadSyncid0id5.xml
Bisimilar, tmi9.xml-tmi4.xml
Bisimilar, tmi9.xml-tadSyncid0id2.xml
Bisimilar, tmi9.xml-ccn2.xml
Bisimilar, tmi9.xml-tmi2.xml
Bisimilar, tmi9.xml-smiTemplateid1.xml
No Bisimilar, tmi9.xml-tadSyncid5id0.xml
Bisimilar, tmi9.xml-smiTemplateid2.xml
Bisimilar, tmi9.xml-ccn1.xml
Bisimilar, tmi9.xml-cxl2.xml
Bisimilar, tmi9.xml-tadSyncid2id0.xml
Bisimilar, tmi9.xml-tadSyncid0id0.xml
No Bisimilar, tmi9.xml-tadSyncid5id1.xml
Bisimilar, tmi9.xml-tadSyncid3id2.xml
Bisimilar, tmi9.xml-tadSyncid5id2.xml
No Bisimilar, tmi9.xml-cxs1.xml
No Bisimilar, tmi9.xml-tadSyncid5id3.xml
Bisimilar, tmi9.xml-tadSyncid2id4.xml
Bisimilar, tmi9.xml-tadSyncid1id0.xml
No Bisimilar, tadSyncid4id3.xml-tmi12.xml
No Bisimilar, tadSyncid4id3.xml-smiTemplateid4.xml
No Bisimilar, tadSyncid4id3.xml-tadSyncid3id1.xml
Bisimilar, tadSyncid4id3.xml-tadSyncid2id3.xml
No Bisimilar, tadSyncid4id3.xml-tmi13.xml
No Bisimilar, tadSyncid4id3.xml-tadSyncid4id4.xml
No Bisimilar, tadSyncid4id3.xml-tadSyncid1id2.xml
No Bisimilar, tadSyncid4id3.xml-cxs2.xml
No Bisimilar, tadSyncid4id3.xml-tadSyncid1id4.xml
No Bisimilar, tadSyncid4id3.xml-cxl1.xml
Bisimilar, tadSyncid4id3.xml-tadSyncid5id5.xml
No Bisimilar, tadSyncid4id3.xml-tmi10.xml
No Bisimilar, tadSyncid4id3.xml-tadSyncid0id4.xml
No Bisimilar, tadSyncid4id3.xml-tadSyncid0id5.xml
No Bisimilar, tadSyncid4id3.xml-tmi4.xml
No Bisimilar, tadSyncid4id3.xml-tadSyncid0id2.xml
No Bisimilar, tadSyncid4id3.xml-ccn2.xml
No Bisimilar, tadSyncid4id3.xml-tmi2.xml
No Bisimilar, tadSyncid4id3.xml-smiTemplateid1.xml
No Bisimilar, tadSyncid4id3.xml-tadSyncid5id0.xml
No Bisimilar, tadSyncid4id3.xml-smiTemplateid2.xml
No Bisimilar, tadSyncid4id3.xml-ccn1.xml
No Bisimilar, tadSyncid4id3.xml-cxl2.xml
Bisimilar, tadSyncid4id3.xml-tadSyncid2id0.xml
No Bisimilar, tadSyncid4id3.xml-tadSyncid0id0.xml
No Bisimilar, tadSyncid4id3.xml-tadSyncid5id1.xml
No Bisimilar, tadSyncid4id3.xml-tadSyncid3id2.xml
Bisimilar, tadSyncid4id3.xml-tadSyncid5id2.xml
No Bisimilar, tadSyncid4id3.xml-cxs1.xml
No Bisimilar, tadSyncid4id3.xml-tadSyncid5id3.xml
Bisimilar, tadSyncid4id3.xml-tadSyncid2id4.xml
No Bisimilar, tadSyncid4id3.xml-tadSyncid1id0.xml
Bisimilar, tmi12.xml-smiTemplateid4.xml
Bisimilar, tmi12.xml-tadSyncid3id1.xml
Bisimilar, tmi12.xml-tadSyncid2id3.xml
Bisimilar, tmi12.xml-tmi13.xml
No Bisimilar, tmi12.xml-tadSyncid4id4.xml
Bisimilar, tmi12.xml-tadSyncid1id2.xml
No Bisimilar, tmi12.xml-cxs2.xml
Bisimilar, tmi12.xml-tadSyncid1id4.xml
Bisimilar, tmi12.xml-cxl1.xml
Bisimilar, tmi12.xml-tadSyncid5id5.xml
Bisimilar, tmi12.xml-tmi10.xml
Bisimilar, tmi12.xml-tadSyncid0id4.xml
Bisimilar, tmi12.xml-tadSyncid0id5.xml
Bisimilar, tmi12.xml-tmi4.xml
Bisimilar, tmi12.xml-tadSyncid0id2.xml
Bisimilar, tmi12.xml-ccn2.xml
Bisimilar, tmi12.xml-tmi2.xml
Bisimilar, tmi12.xml-smiTemplateid1.xml
No Bisimilar, tmi12.xml-tadSyncid5id0.xml
Bisimilar, tmi12.xml-smiTemplateid2.xml
Bisimilar, tmi12.xml-ccn1.xml
Bisimilar, tmi12.xml-cxl2.xml
Bisimilar, tmi12.xml-tadSyncid2id0.xml
Bisimilar, tmi12.xml-tadSyncid0id0.xml
No Bisimilar, tmi12.xml-tadSyncid5id1.xml
Bisimilar, tmi12.xml-tadSyncid3id2.xml
Bisimilar, tmi12.xml-tadSyncid5id2.xml
No Bisimilar, tmi12.xml-cxs1.xml
No Bisimilar, tmi12.xml-tadSyncid5id3.xml
Bisimilar, tmi12.xml-tadSyncid2id4.xml
Bisimilar, tmi12.xml-tadSyncid1id0.xml
Bisimilar, smiTemplateid4.xml-tadSyncid3id1.xml
Bisimilar, smiTemplateid4.xml-tadSyncid2id3.xml
Bisimilar, smiTemplateid4.xml-tmi13.xml
No Bisimilar, smiTemplateid4.xml-tadSyncid4id4.xml
Bisimilar, smiTemplateid4.xml-tadSyncid1id2.xml
No Bisimilar, smiTemplateid4.xml-cxs2.xml
Bisimilar, smiTemplateid4.xml-tadSyncid1id4.xml
Bisimilar, smiTemplateid4.xml-cxl1.xml
Bisimilar, smiTemplateid4.xml-tadSyncid5id5.xml
Bisimilar, smiTemplateid4.xml-tmi10.xml
Bisimilar, smiTemplateid4.xml-tadSyncid0id4.xml
Bisimilar, smiTemplateid4.xml-tadSyncid0id5.xml
Bisimilar, smiTemplateid4.xml-tmi4.xml
Bisimilar, smiTemplateid4.xml-tadSyncid0id2.xml
Bisimilar, smiTemplateid4.xml-ccn2.xml
Bisimilar, smiTemplateid4.xml-tmi2.xml
Bisimilar, smiTemplateid4.xml-smiTemplateid1.xml
No Bisimilar, smiTemplateid4.xml-tadSyncid5id0.xml
Bisimilar, smiTemplateid4.xml-smiTemplateid2.xml
Bisimilar, smiTemplateid4.xml-ccn1.xml
Bisimilar, smiTemplateid4.xml-cxl2.xml
Bisimilar, smiTemplateid4.xml-tadSyncid2id0.xml
Bisimilar, smiTemplateid4.xml-tadSyncid0id0.xml
No Bisimilar, smiTemplateid4.xml-tadSyncid5id1.xml
Bisimilar, smiTemplateid4.xml-tadSyncid3id2.xml
Bisimilar, smiTemplateid4.xml-tadSyncid5id2.xml
No Bisimilar, smiTemplateid4.xml-cxs1.xml
No Bisimilar, smiTemplateid4.xml-tadSyncid5id3.xml
Bisimilar, smiTemplateid4.xml-tadSyncid2id4.xml
Bisimilar, smiTemplateid4.xml-tadSyncid1id0.xml
Bisimilar, tadSyncid3id1.xml-tadSyncid2id3.xml
Bisimilar, tadSyncid3id1.xml-tmi13.xml
No Bisimilar, tadSyncid3id1.xml-tadSyncid4id4.xml
Bisimilar, tadSyncid3id1.xml-tadSyncid1id2.xml
No Bisimilar, tadSyncid3id1.xml-cxs2.xml
Bisimilar, tadSyncid3id1.xml-tadSyncid1id4.xml
Bisimilar, tadSyncid3id1.xml-cxl1.xml
Bisimilar, tadSyncid3id1.xml-tadSyncid5id5.xml
Bisimilar, tadSyncid3id1.xml-tmi10.xml
Bisimilar, tadSyncid3id1.xml-tadSyncid0id4.xml
Bisimilar, tadSyncid3id1.xml-tadSyncid0id5.xml
Bisimilar, tadSyncid3id1.xml-tmi4.xml
Bisimilar, tadSyncid3id1.xml-tadSyncid0id2.xml
Bisimilar, tadSyncid3id1.xml-ccn2.xml
Bisimilar, tadSyncid3id1.xml-tmi2.xml
Bisimilar, tadSyncid3id1.xml-smiTemplateid1.xml
No Bisimilar, tadSyncid3id1.xml-tadSyncid5id0.xml
Bisimilar, tadSyncid3id1.xml-smiTemplateid2.xml
Bisimilar, tadSyncid3id1.xml-ccn1.xml
Bisimilar, tadSyncid3id1.xml-cxl2.xml
Bisimilar, tadSyncid3id1.xml-tadSyncid2id0.xml
Bisimilar, tadSyncid3id1.xml-tadSyncid0id0.xml
No Bisimilar, tadSyncid3id1.xml-tadSyncid5id1.xml
Bisimilar, tadSyncid3id1.xml-tadSyncid3id2.xml
Bisimilar, tadSyncid3id1.xml-tadSyncid5id2.xml
No Bisimilar, tadSyncid3id1.xml-cxs1.xml
No Bisimilar, tadSyncid3id1.xml-tadSyncid5id3.xml
Bisimilar, tadSyncid3id1.xml-tadSyncid2id4.xml
Bisimilar, tadSyncid3id1.xml-tadSyncid1id0.xml
Bisimilar, tadSyncid2id3.xml-tmi13.xml
No Bisimilar, tadSyncid2id3.xml-tadSyncid4id4.xml
Bisimilar, tadSyncid2id3.xml-tadSyncid1id2.xml
No Bisimilar, tadSyncid2id3.xml-cxs2.xml
Bisimilar, tadSyncid2id3.xml-tadSyncid1id4.xml
Bisimilar, tadSyncid2id3.xml-cxl1.xml
Bisimilar, tadSyncid2id3.xml-tadSyncid5id5.xml
Bisimilar, tadSyncid2id3.xml-tmi10.xml
Bisimilar, tadSyncid2id3.xml-tadSyncid0id4.xml
Bisimilar, tadSyncid2id3.xml-tadSyncid0id5.xml
Bisimilar, tadSyncid2id3.xml-tmi4.xml
Bisimilar, tadSyncid2id3.xml-tadSyncid0id2.xml
Bisimilar, tadSyncid2id3.xml-ccn2.xml
Bisimilar, tadSyncid2id3.xml-tmi2.xml
Bisimilar, tadSyncid2id3.xml-smiTemplateid1.xml
No Bisimilar, tadSyncid2id3.xml-tadSyncid5id0.xml
Bisimilar, tadSyncid2id3.xml-smiTemplateid2.xml
Bisimilar, tadSyncid2id3.xml-ccn1.xml
Bisimilar, tadSyncid2id3.xml-cxl2.xml
Bisimilar, tadSyncid2id3.xml-tadSyncid2id0.xml
Bisimilar, tadSyncid2id3.xml-tadSyncid0id0.xml
No Bisimilar, tadSyncid2id3.xml-tadSyncid5id1.xml
Bisimilar, tadSyncid2id3.xml-tadSyncid3id2.xml
Bisimilar, tadSyncid2id3.xml-tadSyncid5id2.xml
No Bisimilar, tadSyncid2id3.xml-cxs1.xml
No Bisimilar, tadSyncid2id3.xml-tadSyncid5id3.xml
Bisimilar, tadSyncid2id3.xml-tadSyncid2id4.xml
Bisimilar, tadSyncid2id3.xml-tadSyncid1id0.xml
No Bisimilar, tmi13.xml-tadSyncid4id4.xml
Bisimilar, tmi13.xml-tadSyncid1id2.xml
No Bisimilar, tmi13.xml-cxs2.xml
Bisimilar, tmi13.xml-tadSyncid1id4.xml
Bisimilar, tmi13.xml-cxl1.xml
Bisimilar, tmi13.xml-tadSyncid5id5.xml
Bisimilar, tmi13.xml-tmi10.xml
Bisimilar, tmi13.xml-tadSyncid0id4.xml
Bisimilar, tmi13.xml-tadSyncid0id5.xml
Bisimilar, tmi13.xml-tmi4.xml
Bisimilar, tmi13.xml-tadSyncid0id2.xml
Bisimilar, tmi13.xml-ccn2.xml
Bisimilar, tmi13.xml-tmi2.xml
Bisimilar, tmi13.xml-smiTemplateid1.xml
No Bisimilar, tmi13.xml-tadSyncid5id0.xml
Bisimilar, tmi13.xml-smiTemplateid2.xml
Bisimilar, tmi13.xml-ccn1.xml
Bisimilar, tmi13.xml-cxl2.xml
Bisimilar, tmi13.xml-tadSyncid2id0.xml
Bisimilar, tmi13.xml-tadSyncid0id0.xml
No Bisimilar, tmi13.xml-tadSyncid5id1.xml
Bisimilar, tmi13.xml-tadSyncid3id2.xml
Bisimilar, tmi13.xml-tadSyncid5id2.xml
No Bisimilar, tmi13.xml-cxs1.xml
No Bisimilar, tmi13.xml-tadSyncid5id3.xml
Bisimilar, tmi13.xml-tadSyncid2id4.xml
Bisimilar, tmi13.xml-tadSyncid1id0.xml
No Bisimilar, tadSyncid4id4.xml-tadSyncid1id2.xml
No Bisimilar, tadSyncid4id4.xml-cxs2.xml
No Bisimilar, tadSyncid4id4.xml-tadSyncid1id4.xml
No Bisimilar, tadSyncid4id4.xml-cxl1.xml
Bisimilar, tadSyncid4id4.xml-tadSyncid5id5.xml
No Bisimilar, tadSyncid4id4.xml-tmi10.xml
No Bisimilar, tadSyncid4id4.xml-tadSyncid0id4.xml
No Bisimilar, tadSyncid4id4.xml-tadSyncid0id5.xml
No Bisimilar, tadSyncid4id4.xml-tmi4.xml
No Bisimilar, tadSyncid4id4.xml-tadSyncid0id2.xml
No Bisimilar, tadSyncid4id4.xml-ccn2.xml
No Bisimilar, tadSyncid4id4.xml-tmi2.xml
No Bisimilar, tadSyncid4id4.xml-smiTemplateid1.xml
No Bisimilar, tadSyncid4id4.xml-tadSyncid5id0.xml
No Bisimilar, tadSyncid4id4.xml-smiTemplateid2.xml
No Bisimilar, tadSyncid4id4.xml-ccn1.xml
No Bisimilar, tadSyncid4id4.xml-cxl2.xml
No Bisimilar, tadSyncid4id4.xml-tadSyncid2id0.xml
No Bisimilar, tadSyncid4id4.xml-tadSyncid0id0.xml
No Bisimilar, tadSyncid4id4.xml-tadSyncid5id1.xml
No Bisimilar, tadSyncid4id4.xml-tadSyncid3id2.xml
No Bisimilar, tadSyncid4id4.xml-tadSyncid5id2.xml
No Bisimilar, tadSyncid4id4.xml-cxs1.xml
No Bisimilar, tadSyncid4id4.xml-tadSyncid5id3.xml
No Bisimilar, tadSyncid4id4.xml-tadSyncid2id4.xml
No Bisimilar, tadSyncid4id4.xml-tadSyncid1id0.xml
No Bisimilar, tadSyncid1id2.xml-cxs2.xml
Bisimilar, tadSyncid1id2.xml-tadSyncid1id4.xml
Bisimilar, tadSyncid1id2.xml-cxl1.xml
Bisimilar, tadSyncid1id2.xml-tadSyncid5id5.xml
Bisimilar, tadSyncid1id2.xml-tmi10.xml
Bisimilar, tadSyncid1id2.xml-tadSyncid0id4.xml
Bisimilar, tadSyncid1id2.xml-tadSyncid0id5.xml
Bisimilar, tadSyncid1id2.xml-tmi4.xml
Bisimilar, tadSyncid1id2.xml-tadSyncid0id2.xml
Bisimilar, tadSyncid1id2.xml-ccn2.xml
Bisimilar, tadSyncid1id2.xml-tmi2.xml
Bisimilar, tadSyncid1id2.xml-smiTemplateid1.xml
No Bisimilar, tadSyncid1id2.xml-tadSyncid5id0.xml
Bisimilar, tadSyncid1id2.xml-smiTemplateid2.xml
Bisimilar, tadSyncid1id2.xml-ccn1.xml
Bisimilar, tadSyncid1id2.xml-cxl2.xml
Bisimilar, tadSyncid1id2.xml-tadSyncid2id0.xml
Bisimilar, tadSyncid1id2.xml-tadSyncid0id0.xml
No Bisimilar, tadSyncid1id2.xml-tadSyncid5id1.xml
Bisimilar, tadSyncid1id2.xml-tadSyncid3id2.xml
Bisimilar, tadSyncid1id2.xml-tadSyncid5id2.xml
No Bisimilar, tadSyncid1id2.xml-cxs1.xml
No Bisimilar, tadSyncid1id2.xml-tadSyncid5id3.xml
Bisimilar, tadSyncid1id2.xml-tadSyncid2id4.xml
Bisimilar, tadSyncid1id2.xml-tadSyncid1id0.xml
No Bisimilar, cxs2.xml-tadSyncid1id4.xml
No Bisimilar, cxs2.xml-cxl1.xml
No Bisimilar, cxs2.xml-tadSyncid5id5.xml
No Bisimilar, cxs2.xml-tmi10.xml
No Bisimilar, cxs2.xml-tadSyncid0id4.xml
No Bisimilar, cxs2.xml-tadSyncid0id5.xml
No Bisimilar, cxs2.xml-tmi4.xml
No Bisimilar, cxs2.xml-tadSyncid0id2.xml
No Bisimilar, cxs2.xml-ccn2.xml
No Bisimilar, cxs2.xml-tmi2.xml
No Bisimilar, cxs2.xml-smiTemplateid1.xml
No Bisimilar, cxs2.xml-tadSyncid5id0.xml
No Bisimilar, cxs2.xml-smiTemplateid2.xml
No Bisimilar, cxs2.xml-ccn1.xml
No Bisimilar, cxs2.xml-cxl2.xml
No Bisimilar, cxs2.xml-tadSyncid2id0.xml
No Bisimilar, cxs2.xml-tadSyncid0id0.xml
No Bisimilar, cxs2.xml-tadSyncid5id1.xml
No Bisimilar, cxs2.xml-tadSyncid3id2.xml
No Bisimilar, cxs2.xml-tadSyncid5id2.xml
No Bisimilar, cxs2.xml-cxs1.xml
No Bisimilar, cxs2.xml-tadSyncid5id3.xml
No Bisimilar, cxs2.xml-tadSyncid2id4.xml
No Bisimilar, cxs2.xml-tadSyncid1id0.xml
Bisimilar, tadSyncid1id4.xml-cxl1.xml
Bisimilar, tadSyncid1id4.xml-tadSyncid5id5.xml
Bisimilar, tadSyncid1id4.xml-tmi10.xml
Bisimilar, tadSyncid1id4.xml-tadSyncid0id4.xml
Bisimilar, tadSyncid1id4.xml-tadSyncid0id5.xml
Bisimilar, tadSyncid1id4.xml-tmi4.xml
Bisimilar, tadSyncid1id4.xml-tadSyncid0id2.xml
Bisimilar, tadSyncid1id4.xml-ccn2.xml
Bisimilar, tadSyncid1id4.xml-tmi2.xml
Bisimilar, tadSyncid1id4.xml-smiTemplateid1.xml
No Bisimilar, tadSyncid1id4.xml-tadSyncid5id0.xml
Bisimilar, tadSyncid1id4.xml-smiTemplateid2.xml
Bisimilar, tadSyncid1id4.xml-ccn1.xml
Bisimilar, tadSyncid1id4.xml-cxl2.xml
Bisimilar, tadSyncid1id4.xml-tadSyncid2id0.xml
Bisimilar, tadSyncid1id4.xml-tadSyncid0id0.xml
No Bisimilar, tadSyncid1id4.xml-tadSyncid5id1.xml
Bisimilar, tadSyncid1id4.xml-tadSyncid3id2.xml
Bisimilar, tadSyncid1id4.xml-tadSyncid5id2.xml
No Bisimilar, tadSyncid1id4.xml-cxs1.xml
No Bisimilar, tadSyncid1id4.xml-tadSyncid5id3.xml
Bisimilar, tadSyncid1id4.xml-tadSyncid2id4.xml
Bisimilar, tadSyncid1id4.xml-tadSyncid1id0.xml
Bisimilar, cxl1.xml-tadSyncid5id5.xml
Bisimilar, cxl1.xml-tmi10.xml
Bisimilar, cxl1.xml-tadSyncid0id4.xml
Bisimilar, cxl1.xml-tadSyncid0id5.xml
Bisimilar, cxl1.xml-tmi4.xml
Bisimilar, cxl1.xml-tadSyncid0id2.xml
Bisimilar, cxl1.xml-ccn2.xml
Bisimilar, cxl1.xml-tmi2.xml
Bisimilar, cxl1.xml-smiTemplateid1.xml
No Bisimilar, cxl1.xml-tadSyncid5id0.xml
Bisimilar, cxl1.xml-smiTemplateid2.xml
Bisimilar, cxl1.xml-ccn1.xml
Bisimilar, cxl1.xml-cxl2.xml
Bisimilar, cxl1.xml-tadSyncid2id0.xml
Bisimilar, cxl1.xml-tadSyncid0id0.xml
No Bisimilar, cxl1.xml-tadSyncid5id1.xml
Bisimilar, cxl1.xml-tadSyncid3id2.xml
Bisimilar, cxl1.xml-tadSyncid5id2.xml
No Bisimilar, cxl1.xml-cxs1.xml
No Bisimilar, cxl1.xml-tadSyncid5id3.xml
Bisimilar, cxl1.xml-tadSyncid2id4.xml
Bisimilar, cxl1.xml-tadSyncid1id0.xml
Bisimilar, tadSyncid5id5.xml-tmi10.xml
Bisimilar, tadSyncid5id5.xml-tadSyncid0id4.xml
Bisimilar, tadSyncid5id5.xml-tadSyncid0id5.xml
Bisimilar, tadSyncid5id5.xml-tmi4.xml
Bisimilar, tadSyncid5id5.xml-tadSyncid0id2.xml
Bisimilar, tadSyncid5id5.xml-ccn2.xml
Bisimilar, tadSyncid5id5.xml-tmi2.xml
Bisimilar, tadSyncid5id5.xml-smiTemplateid1.xml
Bisimilar, tadSyncid5id5.xml-tadSyncid5id0.xml
Bisimilar, tadSyncid5id5.xml-smiTemplateid2.xml
Bisimilar, tadSyncid5id5.xml-ccn1.xml
Bisimilar, tadSyncid5id5.xml-cxl2.xml
Bisimilar, tadSyncid5id5.xml-tadSyncid2id0.xml
Bisimilar, tadSyncid5id5.xml-tadSyncid0id0.xml
Bisimilar, tadSyncid5id5.xml-tadSyncid5id1.xml
Bisimilar, tadSyncid5id5.xml-tadSyncid3id2.xml
Bisimilar, tadSyncid5id5.xml-tadSyncid5id2.xml
No Bisimilar, tadSyncid5id5.xml-cxs1.xml
Bisimilar, tadSyncid5id5.xml-tadSyncid5id3.xml
Bisimilar, tadSyncid5id5.xml-tadSyncid2id4.xml
Bisimilar, tadSyncid5id5.xml-tadSyncid1id0.xml
Bisimilar, tmi10.xml-tadSyncid0id4.xml
Bisimilar, tmi10.xml-tadSyncid0id5.xml
Bisimilar, tmi10.xml-tmi4.xml
Bisimilar, tmi10.xml-tadSyncid0id2.xml
Bisimilar, tmi10.xml-ccn2.xml
Bisimilar, tmi10.xml-tmi2.xml
Bisimilar, tmi10.xml-smiTemplateid1.xml
No Bisimilar, tmi10.xml-tadSyncid5id0.xml
Bisimilar, tmi10.xml-smiTemplateid2.xml
Bisimilar, tmi10.xml-ccn1.xml
Bisimilar, tmi10.xml-cxl2.xml
Bisimilar, tmi10.xml-tadSyncid2id0.xml
Bisimilar, tmi10.xml-tadSyncid0id0.xml
No Bisimilar, tmi10.xml-tadSyncid5id1.xml
Bisimilar, tmi10.xml-tadSyncid3id2.xml
Bisimilar, tmi10.xml-tadSyncid5id2.xml
No Bisimilar, tmi10.xml-cxs1.xml
No Bisimilar, tmi10.xml-tadSyncid5id3.xml
Bisimilar, tmi10.xml-tadSyncid2id4.xml
Bisimilar, tmi10.xml-tadSyncid1id0.xml
Bisimilar, tadSyncid0id4.xml-tadSyncid0id5.xml
Bisimilar, tadSyncid0id4.xml-tmi4.xml
Bisimilar, tadSyncid0id4.xml-tadSyncid0id2.xml
Bisimilar, tadSyncid0id4.xml-ccn2.xml
Bisimilar, tadSyncid0id4.xml-tmi2.xml
Bisimilar, tadSyncid0id4.xml-smiTemplateid1.xml
No Bisimilar, tadSyncid0id4.xml-tadSyncid5id0.xml
Bisimilar, tadSyncid0id4.xml-smiTemplateid2.xml
Bisimilar, tadSyncid0id4.xml-ccn1.xml
Bisimilar, tadSyncid0id4.xml-cxl2.xml
Bisimilar, tadSyncid0id4.xml-tadSyncid2id0.xml
Bisimilar, tadSyncid0id4.xml-tadSyncid0id0.xml
No Bisimilar, tadSyncid0id4.xml-tadSyncid5id1.xml
Bisimilar, tadSyncid0id4.xml-tadSyncid3id2.xml
Bisimilar, tadSyncid0id4.xml-tadSyncid5id2.xml
No Bisimilar, tadSyncid0id4.xml-cxs1.xml
No Bisimilar, tadSyncid0id4.xml-tadSyncid5id3.xml
Bisimilar, tadSyncid0id4.xml-tadSyncid2id4.xml
Bisimilar, tadSyncid0id4.xml-tadSyncid1id0.xml
Bisimilar, tadSyncid0id5.xml-tmi4.xml
Bisimilar, tadSyncid0id5.xml-tadSyncid0id2.xml
Bisimilar, tadSyncid0id5.xml-ccn2.xml
Bisimilar, tadSyncid0id5.xml-tmi2.xml
Bisimilar, tadSyncid0id5.xml-smiTemplateid1.xml
No Bisimilar, tadSyncid0id5.xml-tadSyncid5id0.xml
Bisimilar, tadSyncid0id5.xml-smiTemplateid2.xml
Bisimilar, tadSyncid0id5.xml-ccn1.xml
Bisimilar, tadSyncid0id5.xml-cxl2.xml
Bisimilar, tadSyncid0id5.xml-tadSyncid2id0.xml
Bisimilar, tadSyncid0id5.xml-tadSyncid0id0.xml
No Bisimilar, tadSyncid0id5.xml-tadSyncid5id1.xml
Bisimilar, tadSyncid0id5.xml-tadSyncid3id2.xml
Bisimilar, tadSyncid0id5.xml-tadSyncid5id2.xml
No Bisimilar, tadSyncid0id5.xml-cxs1.xml
No Bisimilar, tadSyncid0id5.xml-tadSyncid5id3.xml
Bisimilar, tadSyncid0id5.xml-tadSyncid2id4.xml
Bisimilar, tadSyncid0id5.xml-tadSyncid1id0.xml
Bisimilar, tmi4.xml-tadSyncid0id2.xml
Bisimilar, tmi4.xml-ccn2.xml
Bisimilar, tmi4.xml-tmi2.xml
Bisimilar, tmi4.xml-smiTemplateid1.xml
No Bisimilar, tmi4.xml-tadSyncid5id0.xml
Bisimilar, tmi4.xml-smiTemplateid2.xml
Bisimilar, tmi4.xml-ccn1.xml
Bisimilar, tmi4.xml-cxl2.xml
Bisimilar, tmi4.xml-tadSyncid2id0.xml
Bisimilar, tmi4.xml-tadSyncid0id0.xml
No Bisimilar, tmi4.xml-tadSyncid5id1.xml
Bisimilar, tmi4.xml-tadSyncid3id2.xml
Bisimilar, tmi4.xml-tadSyncid5id2.xml
No Bisimilar, tmi4.xml-cxs1.xml
No Bisimilar, tmi4.xml-tadSyncid5id3.xml
Bisimilar, tmi4.xml-tadSyncid2id4.xml
Bisimilar, tmi4.xml-tadSyncid1id0.xml
Bisimilar, tadSyncid0id2.xml-ccn2.xml
Bisimilar, tadSyncid0id2.xml-tmi2.xml
Bisimilar, tadSyncid0id2.xml-smiTemplateid1.xml
No Bisimilar, tadSyncid0id2.xml-tadSyncid5id0.xml
Bisimilar, tadSyncid0id2.xml-smiTemplateid2.xml
Bisimilar, tadSyncid0id2.xml-ccn1.xml
Bisimilar, tadSyncid0id2.xml-cxl2.xml
Bisimilar, tadSyncid0id2.xml-tadSyncid2id0.xml
Bisimilar, tadSyncid0id2.xml-tadSyncid0id0.xml
No Bisimilar, tadSyncid0id2.xml-tadSyncid5id1.xml
Bisimilar, tadSyncid0id2.xml-tadSyncid3id2.xml
Bisimilar, tadSyncid0id2.xml-tadSyncid5id2.xml
No Bisimilar, tadSyncid0id2.xml-cxs1.xml
No Bisimilar, tadSyncid0id2.xml-tadSyncid5id3.xml
Bisimilar, tadSyncid0id2.xml-tadSyncid2id4.xml
Bisimilar, tadSyncid0id2.xml-tadSyncid1id0.xml
Bisimilar, ccn2.xml-tmi2.xml
Bisimilar, ccn2.xml-smiTemplateid1.xml
No Bisimilar, ccn2.xml-tadSyncid5id0.xml
Bisimilar, ccn2.xml-smiTemplateid2.xml
Bisimilar, ccn2.xml-ccn1.xml
Bisimilar, ccn2.xml-cxl2.xml
Bisimilar, ccn2.xml-tadSyncid2id0.xml
Bisimilar, ccn2.xml-tadSyncid0id0.xml
No Bisimilar, ccn2.xml-tadSyncid5id1.xml
Bisimilar, ccn2.xml-tadSyncid3id2.xml
Bisimilar, ccn2.xml-tadSyncid5id2.xml
No Bisimilar, ccn2.xml-cxs1.xml
No Bisimilar, ccn2.xml-tadSyncid5id3.xml
Bisimilar, ccn2.xml-tadSyncid2id4.xml
Bisimilar, ccn2.xml-tadSyncid1id0.xml
Bisimilar, tmi2.xml-smiTemplateid1.xml
No Bisimilar, tmi2.xml-tadSyncid5id0.xml
Bisimilar, tmi2.xml-smiTemplateid2.xml
Bisimilar, tmi2.xml-ccn1.xml
Bisimilar, tmi2.xml-cxl2.xml
Bisimilar, tmi2.xml-tadSyncid2id0.xml
Bisimilar, tmi2.xml-tadSyncid0id0.xml
No Bisimilar, tmi2.xml-tadSyncid5id1.xml
Bisimilar, tmi2.xml-tadSyncid3id2.xml
Bisimilar, tmi2.xml-tadSyncid5id2.xml
No Bisimilar, tmi2.xml-cxs1.xml
No Bisimilar, tmi2.xml-tadSyncid5id3.xml
Bisimilar, tmi2.xml-tadSyncid2id4.xml
Bisimilar, tmi2.xml-tadSyncid1id0.xml
No Bisimilar, smiTemplateid1.xml-tadSyncid5id0.xml
Bisimilar, smiTemplateid1.xml-smiTemplateid2.xml
Bisimilar, smiTemplateid1.xml-ccn1.xml
Bisimilar, smiTemplateid1.xml-cxl2.xml
Bisimilar, smiTemplateid1.xml-tadSyncid2id0.xml
Bisimilar, smiTemplateid1.xml-tadSyncid0id0.xml
No Bisimilar, smiTemplateid1.xml-tadSyncid5id1.xml
Bisimilar, smiTemplateid1.xml-tadSyncid3id2.xml
Bisimilar, smiTemplateid1.xml-tadSyncid5id2.xml
No Bisimilar, smiTemplateid1.xml-cxs1.xml
No Bisimilar, smiTemplateid1.xml-tadSyncid5id3.xml
Bisimilar, smiTemplateid1.xml-tadSyncid2id4.xml
Bisimilar, smiTemplateid1.xml-tadSyncid1id0.xml
No Bisimilar, tadSyncid5id0.xml-smiTemplateid2.xml
No Bisimilar, tadSyncid5id0.xml-ccn1.xml
No Bisimilar, tadSyncid5id0.xml-cxl2.xml
No Bisimilar, tadSyncid5id0.xml-tadSyncid2id0.xml
No Bisimilar, tadSyncid5id0.xml-tadSyncid0id0.xml
Bisimilar, tadSyncid5id0.xml-tadSyncid5id1.xml
No Bisimilar, tadSyncid5id0.xml-tadSyncid3id2.xml
Bisimilar, tadSyncid5id0.xml-tadSyncid5id2.xml
No Bisimilar, tadSyncid5id0.xml-cxs1.xml
Bisimilar, tadSyncid5id0.xml-tadSyncid5id3.xml
No Bisimilar, tadSyncid5id0.xml-tadSyncid2id4.xml
No Bisimilar, tadSyncid5id0.xml-tadSyncid1id0.xml
Bisimilar, smiTemplateid2.xml-ccn1.xml
Bisimilar, smiTemplateid2.xml-cxl2.xml
Bisimilar, smiTemplateid2.xml-tadSyncid2id0.xml
Bisimilar, smiTemplateid2.xml-tadSyncid0id0.xml
No Bisimilar, smiTemplateid2.xml-tadSyncid5id1.xml
Bisimilar, smiTemplateid2.xml-tadSyncid3id2.xml
Bisimilar, smiTemplateid2.xml-tadSyncid5id2.xml
No Bisimilar, smiTemplateid2.xml-cxs1.xml
No Bisimilar, smiTemplateid2.xml-tadSyncid5id3.xml
Bisimilar, smiTemplateid2.xml-tadSyncid2id4.xml
Bisimilar, smiTemplateid2.xml-tadSyncid1id0.xml
Bisimilar, ccn1.xml-cxl2.xml
Bisimilar, ccn1.xml-tadSyncid2id0.xml
Bisimilar, ccn1.xml-tadSyncid0id0.xml
No Bisimilar, ccn1.xml-tadSyncid5id1.xml
Bisimilar, ccn1.xml-tadSyncid3id2.xml
Bisimilar, ccn1.xml-tadSyncid5id2.xml
No Bisimilar, ccn1.xml-cxs1.xml
No Bisimilar, ccn1.xml-tadSyncid5id3.xml
Bisimilar, ccn1.xml-tadSyncid2id4.xml
Bisimilar, ccn1.xml-tadSyncid1id0.xml
Bisimilar, cxl2.xml-tadSyncid2id0.xml
Bisimilar, cxl2.xml-tadSyncid0id0.xml
No Bisimilar, cxl2.xml-tadSyncid5id1.xml
Bisimilar, cxl2.xml-tadSyncid3id2.xml
Bisimilar, cxl2.xml-tadSyncid5id2.xml
No Bisimilar, cxl2.xml-cxs1.xml
No Bisimilar, cxl2.xml-tadSyncid5id3.xml
Bisimilar, cxl2.xml-tadSyncid2id4.xml
Bisimilar, cxl2.xml-tadSyncid1id0.xml
Bisimilar, tadSyncid2id0.xml-tadSyncid0id0.xml
No Bisimilar, tadSyncid2id0.xml-tadSyncid5id1.xml
Bisimilar, tadSyncid2id0.xml-tadSyncid3id2.xml
Bisimilar, tadSyncid2id0.xml-tadSyncid5id2.xml
No Bisimilar, tadSyncid2id0.xml-cxs1.xml
No Bisimilar, tadSyncid2id0.xml-tadSyncid5id3.xml
Bisimilar, tadSyncid2id0.xml-tadSyncid2id4.xml
Bisimilar, tadSyncid2id0.xml-tadSyncid1id0.xml
No Bisimilar, tadSyncid0id0.xml-tadSyncid5id1.xml
Bisimilar, tadSyncid0id0.xml-tadSyncid3id2.xml
Bisimilar, tadSyncid0id0.xml-tadSyncid5id2.xml
No Bisimilar, tadSyncid0id0.xml-cxs1.xml
No Bisimilar, tadSyncid0id0.xml-tadSyncid5id3.xml
Bisimilar, tadSyncid0id0.xml-tadSyncid2id4.xml
Bisimilar, tadSyncid0id0.xml-tadSyncid1id0.xml
No Bisimilar, tadSyncid5id1.xml-tadSyncid3id2.xml
Bisimilar, tadSyncid5id1.xml-tadSyncid5id2.xml
No Bisimilar, tadSyncid5id1.xml-cxs1.xml
Bisimilar, tadSyncid5id1.xml-tadSyncid5id3.xml
No Bisimilar, tadSyncid5id1.xml-tadSyncid2id4.xml
No Bisimilar, tadSyncid5id1.xml-tadSyncid1id0.xml
Bisimilar, tadSyncid3id2.xml-tadSyncid5id2.xml
No Bisimilar, tadSyncid3id2.xml-cxs1.xml
No Bisimilar, tadSyncid3id2.xml-tadSyncid5id3.xml
Bisimilar, tadSyncid3id2.xml-tadSyncid2id4.xml
Bisimilar, tadSyncid3id2.xml-tadSyncid1id0.xml
No Bisimilar, tadSyncid5id2.xml-cxs1.xml
Bisimilar, tadSyncid5id2.xml-tadSyncid5id3.xml
Bisimilar, tadSyncid5id2.xml-tadSyncid2id4.xml
Bisimilar, tadSyncid5id2.xml-tadSyncid1id0.xml
No Bisimilar, cxs1.xml-tadSyncid5id3.xml
No Bisimilar, cxs1.xml-tadSyncid2id4.xml
No Bisimilar, cxs1.xml-tadSyncid1id0.xml
No Bisimilar, tadSyncid5id3.xml-tadSyncid2id4.xml
No Bisimilar, tadSyncid5id3.xml-tadSyncid1id0.xml
Bisimilar, tadSyncid2id4.xml-tadSyncid1id0.xml
Duration traces: 4689
Duration simulation: 248777